category,split,image_path,mask_path,source_recording,source_frame_suffix,acquisition_fps_hz,transformation
cropped,train,sample_data/images_train/250530_5003_Green_Training_very_dm_light_2025-05-30T09-27-57.042_0000.png,sample_data/masks_train/250530_5003_Green_Training_very_dm_light_2025-05-30T09-27-57.042_0000.png,250530_5003_Green_Training_very_dm_light_2025-05-30T09-27-57.042,0000,,copied_unchanged_hand_curated_crop
cropped,train,sample_data/images_train/250530_5003_Green_Training_very_dm_light_2025-05-30T09-27-57.042_9215.png,sample_data/masks_train/250530_5003_Green_Training_very_dm_light_2025-05-30T09-27-57.042_9215.png,250530_5003_Green_Training_very_dm_light_2025-05-30T09-27-57.042,9215,,copied_unchanged_hand_curated_crop
cropped,train,sample_data/images_train/250616_5120_Purple_sleep_trial_1_2025-06-16T16-31-19.701_19260.png,sample_data/masks_train/250616_5120_Purple_sleep_trial_1_2025-06-16T16-31-19.701_19260.png,250616_5120_Purple_sleep_trial_1_2025-06-16T16-31-19.701,19260,,copied_unchanged_hand_curated_crop
cropped,train,sample_data/images_train/250616_5120_Purple_sleep_trial_1_2025-06-16T16-31-19.701_17700.png,sample_data/masks_train/250616_5120_Purple_sleep_trial_1_2025-06-16T16-31-19.701_17700.png,250616_5120_Purple_sleep_trial_1_2025-06-16T16-31-19.701,17700,,copied_unchanged_hand_curated_crop
cropped,train,sample_data/images_train/HQL073_250515_002_eye_36845.png,sample_data/masks_train/HQL073_250515_002_eye_36845.png,HQL073_250515_002_eye,36845,,copied_unchanged_hand_curated_crop
cropped,train,sample_data/images_train/HQL080_sleep250625_003_eye_39360.png,sample_data/masks_train/HQL080_sleep250625_003_eye_39360.png,HQL080_sleep250625_003_eye,39360,,copied_unchanged_hand_curated_crop
cropped,train,sample_data/images_train/HQL086_sleep250909_011_eye_29786.png,sample_data/masks_train/HQL086_sleep250909_011_eye_29786.png,HQL086_sleep250909_011_eye,29786,,copied_unchanged_hand_curated_crop
cropped,train,sample_data/images_train/251018_5213_Purple_awake pupil recording_2025-10-18T13-47-06.854_00127.png,sample_data/masks_train/251018_5213_Purple_awake pupil recording_2025-10-18T13-47-06.854_00127.png,251018_5213_Purple_awake pupil recording_2025-10-18T13-47-06.854,00127,,copied_unchanged_hand_curated_crop
cropped,validation,sample_data/images_validation/HQL080_sleep250625_003_eye_48292.png,sample_data/masks_validation/HQL080_sleep250625_003_eye_48292.png,HQL080_sleep250625_003_eye,48292,,copied_unchanged_hand_curated_crop
cropped,validation,sample_data/images_validation/HQL086_sleep250909_011_eye_22730.png,sample_data/masks_validation/HQL086_sleep250909_011_eye_22730.png,HQL086_sleep250909_011_eye,22730,,copied_unchanged_hand_curated_crop
cropped,validation,sample_data/images_validation/HQL090_sleep251012_010_eye_06588.png,sample_data/masks_validation/HQL090_sleep251012_010_eye_06588.png,HQL090_sleep251012_010_eye,06588,,copied_unchanged_hand_curated_crop
cropped,validation,sample_data/images_validation/HQL090_whiskerb251020_009_eye_15701.png,sample_data/masks_validation/HQL090_whiskerb251020_009_eye_15701.png,HQL090_whiskerb251020_009_eye,15701,,copied_unchanged_hand_curated_crop
raw,,sample_data/raw_frames/recording_250530/250530_5003_Green_Training_very_dm_light_2025-05-30T09-27-57.042_00000.png,,250530_5003_Green_Training_very_dm_light_2025-05-30T09-27-57.042,00000,,copied_unchanged_uncropped_frame
raw,,sample_data/raw_frames/recording_250530/250530_5003_Green_Training_very_dm_light_2025-05-30T09-27-57.042_02500.png,,250530_5003_Green_Training_very_dm_light_2025-05-30T09-27-57.042,02500,,copied_unchanged_uncropped_frame
raw,,sample_data/raw_frames/recording_250530/250530_5003_Green_Training_very_dm_light_2025-05-30T09-27-57.042_05000.png,,250530_5003_Green_Training_very_dm_light_2025-05-30T09-27-57.042,05000,,copied_unchanged_uncropped_frame
raw,,sample_data/raw_frames/recording_250616/250616_5120_Purple_sleep_trial_1_2025-06-16T16-31-19.701_00000.png,,250616_5120_Purple_sleep_trial_1_2025-06-16T16-31-19.701,00000,,copied_unchanged_uncropped_frame
raw,,sample_data/raw_frames/recording_250616/250616_5120_Purple_sleep_trial_1_2025-06-16T16-31-19.701_02070.png,,250616_5120_Purple_sleep_trial_1_2025-06-16T16-31-19.701,02070,,copied_unchanged_uncropped_frame
raw,,sample_data/raw_frames/recording_250616/250616_5120_Purple_sleep_trial_1_2025-06-16T16-31-19.701_04141.png,,250616_5120_Purple_sleep_trial_1_2025-06-16T16-31-19.701,04141,,copied_unchanged_uncropped_frame
velocity,,sample_data/velocity_frames/250530_5003_Green_Training_very_dm_light_2025-05-30T09-27-57.042_07212.png,,250530_5003_Green_Training_very_dm_light_2025-05-30T09-27-57.042,07212,97,grayscale_resize_with_pad_148
velocity,,sample_data/velocity_frames/250530_5003_Green_Training_very_dm_light_2025-05-30T09-27-57.042_07213.png,,250530_5003_Green_Training_very_dm_light_2025-05-30T09-27-57.042,07213,97,grayscale_resize_with_pad_148
velocity,,sample_data/velocity_frames/250530_5003_Green_Training_very_dm_light_2025-05-30T09-27-57.042_07214.png,,250530_5003_Green_Training_very_dm_light_2025-05-30T09-27-57.042,07214,97,grayscale_resize_with_pad_148
velocity,,sample_data/velocity_frames/250530_5003_Green_Training_very_dm_light_2025-05-30T09-27-57.042_07215.png,,250530_5003_Green_Training_very_dm_light_2025-05-30T09-27-57.042,07215,97,grayscale_resize_with_pad_148
velocity,,sample_data/velocity_frames/250530_5003_Green_Training_very_dm_light_2025-05-30T09-27-57.042_07216.png,,250530_5003_Green_Training_very_dm_light_2025-05-30T09-27-57.042,07216,97,grayscale_resize_with_pad_148
velocity,,sample_data/velocity_frames/250530_5003_Green_Training_very_dm_light_2025-05-30T09-27-57.042_07217.png,,250530_5003_Green_Training_very_dm_light_2025-05-30T09-27-57.042,07217,97,grayscale_resize_with_pad_148
velocity,,sample_data/velocity_frames/250530_5003_Green_Training_very_dm_light_2025-05-30T09-27-57.042_07218.png,,250530_5003_Green_Training_very_dm_light_2025-05-30T09-27-57.042,07218,97,grayscale_resize_with_pad_148
velocity,,sample_data/velocity_frames/250530_5003_Green_Training_very_dm_light_2025-05-30T09-27-57.042_07219.png,,250530_5003_Green_Training_very_dm_light_2025-05-30T09-27-57.042,07219,97,grayscale_resize_with_pad_148
velocity,,sample_data/velocity_frames/250530_5003_Green_Training_very_dm_light_2025-05-30T09-27-57.042_07220.png,,250530_5003_Green_Training_very_dm_light_2025-05-30T09-27-57.042,07220,97,grayscale_resize_with_pad_148
velocity,,sample_data/velocity_frames/250530_5003_Green_Training_very_dm_light_2025-05-30T09-27-57.042_07221.png,,250530_5003_Green_Training_very_dm_light_2025-05-30T09-27-57.042,07221,97,grayscale_resize_with_pad_148
velocity,,sample_data/velocity_frames/250530_5003_Green_Training_very_dm_light_2025-05-30T09-27-57.042_07222.png,,250530_5003_Green_Training_very_dm_light_2025-05-30T09-27-57.042,07222,97,grayscale_resize_with_pad_148
velocity,,sample_data/velocity_frames/250530_5003_Green_Training_very_dm_light_2025-05-30T09-27-57.042_07223.png,,250530_5003_Green_Training_very_dm_light_2025-05-30T09-27-57.042,07223,97,grayscale_resize_with_pad_148
velocity,,sample_data/velocity_frames/250530_5003_Green_Training_very_dm_light_2025-05-30T09-27-57.042_07224.png,,250530_5003_Green_Training_very_dm_light_2025-05-30T09-27-57.042,07224,97,grayscale_resize_with_pad_148
velocity,,sample_data/velocity_frames/250530_5003_Green_Training_very_dm_light_2025-05-30T09-27-57.042_07225.png,,250530_5003_Green_Training_very_dm_light_2025-05-30T09-27-57.042,07225,97,grayscale_resize_with_pad_148
velocity,,sample_data/velocity_frames/250530_5003_Green_Training_very_dm_light_2025-05-30T09-27-57.042_07226.png,,250530_5003_Green_Training_very_dm_light_2025-05-30T09-27-57.042,07226,97,grayscale_resize_with_pad_148
velocity,,sample_data/velocity_frames/250530_5003_Green_Training_very_dm_light_2025-05-30T09-27-57.042_07227.png,,250530_5003_Green_Training_very_dm_light_2025-05-30T09-27-57.042,07227,97,grayscale_resize_with_pad_148
velocity,,sample_data/velocity_frames/250530_5003_Green_Training_very_dm_light_2025-05-30T09-27-57.042_07228.png,,250530_5003_Green_Training_very_dm_light_2025-05-30T09-27-57.042,07228,97,grayscale_resize_with_pad_148
velocity,,sample_data/velocity_frames/250530_5003_Green_Training_very_dm_light_2025-05-30T09-27-57.042_07229.png,,250530_5003_Green_Training_very_dm_light_2025-05-30T09-27-57.042,07229,97,grayscale_resize_with_pad_148
velocity,,sample_data/velocity_frames/250530_5003_Green_Training_very_dm_light_2025-05-30T09-27-57.042_07230.png,,250530_5003_Green_Training_very_dm_light_2025-05-30T09-27-57.042,07230,97,grayscale_resize_with_pad_148
velocity,,sample_data/velocity_frames/250530_5003_Green_Training_very_dm_light_2025-05-30T09-27-57.042_07231.png,,250530_5003_Green_Training_very_dm_light_2025-05-30T09-27-57.042,07231,97,grayscale_resize_with_pad_148
velocity,,sample_data/velocity_frames/250530_5003_Green_Training_very_dm_light_2025-05-30T09-27-57.042_07232.png,,250530_5003_Green_Training_very_dm_light_2025-05-30T09-27-57.042,07232,97,grayscale_resize_with_pad_148
velocity,,sample_data/velocity_frames/250530_5003_Green_Training_very_dm_light_2025-05-30T09-27-57.042_07233.png,,250530_5003_Green_Training_very_dm_light_2025-05-30T09-27-57.042,07233,97,grayscale_resize_with_pad_148
velocity,,sample_data/velocity_frames/250530_5003_Green_Training_very_dm_light_2025-05-30T09-27-57.042_07234.png,,250530_5003_Green_Training_very_dm_light_2025-05-30T09-27-57.042,07234,97,grayscale_resize_with_pad_148
velocity,,sample_data/velocity_frames/250530_5003_Green_Training_very_dm_light_2025-05-30T09-27-57.042_07235.png,,250530_5003_Green_Training_very_dm_light_2025-05-30T09-27-57.042,07235,97,grayscale_resize_with_pad_148
velocity,,sample_data/velocity_frames/250530_5003_Green_Training_very_dm_light_2025-05-30T09-27-57.042_07236.png,,250530_5003_Green_Training_very_dm_light_2025-05-30T09-27-57.042,07236,97,grayscale_resize_with_pad_148
velocity,,sample_data/velocity_frames/250530_5003_Green_Training_very_dm_light_2025-05-30T09-27-57.042_07237.png,,250530_5003_Green_Training_very_dm_light_2025-05-30T09-27-57.042,07237,97,grayscale_resize_with_pad_148
velocity,,sample_data/velocity_frames/250530_5003_Green_Training_very_dm_light_2025-05-30T09-27-57.042_07238.png,,250530_5003_Green_Training_very_dm_light_2025-05-30T09-27-57.042,07238,97,grayscale_resize_with_pad_148
velocity,,sample_data/velocity_frames/250530_5003_Green_Training_very_dm_light_2025-05-30T09-27-57.042_07239.png,,250530_5003_Green_Training_very_dm_light_2025-05-30T09-27-57.042,07239,97,grayscale_resize_with_pad_148
velocity,,sample_data/velocity_frames/250530_5003_Green_Training_very_dm_light_2025-05-30T09-27-57.042_07240.png,,250530_5003_Green_Training_very_dm_light_2025-05-30T09-27-57.042,07240,97,grayscale_resize_with_pad_148
velocity,,sample_data/velocity_frames/250530_5003_Green_Training_very_dm_light_2025-05-30T09-27-57.042_07241.png,,250530_5003_Green_Training_very_dm_light_2025-05-30T09-27-57.042,07241,97,grayscale_resize_with_pad_148
velocity,,sample_data/velocity_frames/250530_5003_Green_Training_very_dm_light_2025-05-30T09-27-57.042_07242.png,,250530_5003_Green_Training_very_dm_light_2025-05-30T09-27-57.042,07242,97,grayscale_resize_with_pad_148
